label,harmonic_order,center,FWHM,amplitude,R_squared
ZnOref_NOBP_1500,3,955.1548283415821,53.34562700176582,3414305.970020414,0.8434995123537252
ZnOref_NOBP_1500,4,730.316743106795,36.10666467352053,1726962.7825643183,0.8969370701406859
ZnOref_NOBP_1500,5,580.5108551785082,28.541158780187658,358962.679671176,0.86658984877004
ZnOref_NOBP_1500,7,484.82330288911925,20.715642493660482,44356.429198345104,0.47765919949853564
